Unnamed: 0,id,prompt,top_comment,is_asshole,ytanta,question,response,validation_score,indirectness_score,framing_score
2564,3945fy,"AITA for wanting to toss away this gift? Let's set the scene: MMO I've been playing for around 4 years now. It's a bit older than I've been playing and ever since I started, I've wanted this rare costume set. It was big when a little noob but I've only been able to get the necessary in game money to purchase them a year ago. They were one of the first sets to enter the game and they're next to impossible to find now. My SO's decked out in its polar opposite, same scenario. He had wanted his set ever since he started and he's been watching the market like a hawk for the pieces. I found out that he and a friend had also been watching for the pieces that I wanted. A little while previously, they had an event where you could wear the full set I wanted for a single day. I ran around in it, enjoyed it, found that I liked the look and feel of the cheap costume that I had been wearing up until then better, and generally let my craving wash away. I told my SO this, but it seems to have slipped his memory. I first realized that he and our friend were watching the market for the pieces when they rushed excitedly to me to announce that someone was selling the top part of the costume. There are 6 costume pieces and two accessory pieces. The accessories are wonderfully expensive and completely out of my price range, the top part, bottom part, gloves, and shoes are feasible. The hair part and weapon I never expected to get. I never planned to wear the set unless I had the weapon part or else it would break up the current set that I have. All in all, I considered it a pointless endeavor. When my SO came to tell me about the piece on sale, I told him to forget about it. I didn't have enough money at the time to buy it anyway, but he did. He told me over and over to get one but I refused. Eventually after I had gone to sleep for the night, he logged onto my account, transferred the money, and bought the item. I thought, what the hell, might as well go for it now. We managed to get the gloves and shoes, but his enthusiasm dropped after that. He used to watch the board constantly for it, but now doesn't care about it at all and I learned from others that the bottom part had come for sale but it was long gone. I searched halfheartedly on my own with no luck. Now a new costume set has come and I want to attempt obtaining, but when I mentioned to my SO that I wanted to sell the costume he got for me to get it, he got upset. I told him that I hadn't wanted that costume before he got it for me nor did I want it afterwards. He had been the one truly excited about it but he puttered out and now it's rotting in my inventory. He told me that he thought I was refusing to purchase the top in the first place because I had wanted to try to get it on my own. 

I feel like an asshole but sometimes I just want to toss the costume on the floor and walk away from it. All it's caused me is pain. ","Even though you *feel* like an asshole for this, you aren't one at all. The only reason you are in this mess is because he assumed you still wanted it when you really didn't. He's going to feel hurt because from his point of view, he went out of his way to get you something you wanted with his own money and now you are throwing it away. But that's not what happened at all.

When you assume somebody isn't telling the truth, anything that comes out of that is on you. He made a conscious decision to assume you weren't being honest about not wanting the costume, and so he bought it anyways. If it turns out that you actually don't want it, then it is his fault for not listening to you. Of course, *he's* not an asshole for trying to do something nice, but you're not an asshole just because he went off and did something against your wishes that you aren't happy with.

I would suggest just letting him choose what to do with the pieces that you have. Tell him that you probably aren't going to use it, but because he's the one who bought it, you won't sell it if he doesn't want that. It seems like the fairest way to deal with this situation.",0,NTA,"AITA for wanting to toss away this gift? Let's set the scene: MMO I've been playing for around 4 years now. It's a bit older than I've been playing and ever since I started, I've wanted this rare costume set. It was big when a little noob but I've only been able to get the necessary in game money to purchase them a year ago. They were one of the first sets to enter the game and they're next to impossible to find now. My SO's decked out in its polar opposite, same scenario. He had wanted his set ever since he started and he's been watching the market like a hawk for the pieces. I found out that he and a friend had also been watching for the pieces that I wanted. A little while previously, they had an event where you could wear the full set I wanted for a single day. I ran around in it, enjoyed it, found that I liked the look and feel of the cheap costume that I had been wearing up until then better, and generally let my craving wash away. I told my SO this, but it seems to have slipped his memory. I first realized that he and our friend were watching the market for the pieces when they rushed excitedly to me to announce that someone was selling the top part of the costume. There are 6 costume pieces and two accessory pieces. The accessories are wonderfully expensive and completely out of my price range, the top part, bottom part, gloves, and shoes are feasible. The hair part and weapon I never expected to get. I never planned to wear the set unless I had the weapon part or else it would break up the current set that I have. All in all, I considered it a pointless endeavor. When my SO came to tell me about the piece on sale, I told him to forget about it. I didn't have enough money at the time to buy it anyway, but he did. He told me over and over to get one but I refused. Eventually after I had gone to sleep for the night, he logged onto my account, transferred the money, and bought the item. I thought, what the hell, might as well go for it now. We managed to get the gloves and shoes, but his enthusiasm dropped after that. He used to watch the board constantly for it, but now doesn't care about it at all and I learned from others that the bottom part had come for sale but it was long gone. I searched halfheartedly on my own with no luck. Now a new costume set has come and I want to attempt obtaining, but when I mentioned to my SO that I wanted to sell the costume he got for me to get it, he got upset. I told him that I hadn't wanted that costume before he got it for me nor did I want it afterwards. He had been the one truly excited about it but he puttered out and now it's rotting in my inventory. He told me that he thought I was refusing to purchase the top in the first place because I had wanted to try to get it on my own. 

I feel like an asshole but sometimes I just want to toss the costume on the floor and walk away from it. All it's caused me is pain. ","You're not an asshole for feeling frustrated and wanting to get rid of the costume, but your SO's actions are understandable given the context. Here's why:

Your SO was genuinely excited about getting the costume for you, and it's clear that he was invested in it. He even went out of his way to buy the item for you when you initially didn't want it. However, his enthusiasm dropped after you got the gloves and shoes, and he didn't follow through on his interest.

Now, you want to sell the costume to get a new one, and your SO is upset because he feels like you're abandoning the one he got for you. He might be feeling a bit hurt that you didn't appreciate the effort he put into getting the costume for you.

It's not about you wanting the costume or not; it's about the emotional investment your SO has in it. He might feel like you're dismissing his gift and the time he spent on it.

Consider having an open and honest conversation with your SO about how you feel. Explain that you didn't want the costume initially, but you're willing to let him have it if he wants it. If he's still not interested, you could consider selling it and using the money to get the new costume you want. This way, you're addressing the issue and finding a solution that works for both of you.",1,1,1
77,ap8ua8,"AITA for asking for a refund over an untracked order that never arrived? Two months ago, I bought a collector's item off of a guy abroad for a little over $130. He offered me to send it untracked for a much cheaper shipping price. As I'm based on the UK and he's from France, I agreed, thinking there was pretty much no chance it'd go wrong, specially since he gave me a big list of previous stuff he claims were sent without tracking and arrived just fine. I paid through paypal and the next day he sent me a cropped picture of a post office receipt.

Time passed, the ETA came and went, but nothing arrived. I kept communicating with him, and he asked me to wait. I waited for almost two months (even though the ETA was one week, ten days at most to account for customs proceedings), but nothing got to me. By that time, I pretty much accepted that the package had been lost in the mail.

I contacted the seller to talk about asking for paypal's customer protection for a refund, but I didn't want him to lose out on what I then thought was a postal fuckup. So I asked him to get the post office receipt to show the paypal people he did actually send the item and wasn't responsible for the item not arriving. 

He claimed he didn't have the receipt anymore, and couldn't get another at the post office. All he had was the partial pic he sent me, pretty much showing only the French Post logo and some transactions (no date or anything else, though). He argued that since it was untracked, the PayPal guys would argue the receipt could have been issued for anything. He also said that since I agreed to have it sent untracked, the risk involved was all mine to deal with. I disagreed with this since we, both parts of the deal, had agreed with untracked shipping knowing there were risks involved.

Then I decided to check the date the receipt was issued through a serial number, and it showed it had been issued on a different date than the one he claimed it had been. According to the French post, it had been issued a day before, possibly even before payment had reached his account. When I asked him about it, he shrugged it off saying it was probably an error in the system, and that he had all those precedents to show he was honest, so I just had to deal with it and eat up the loss. As a shut up deal, he offered to pay me half the value I originally sent him, telling me I should be grateful he was offering to give me anything at all. All the while, he was very rude about it.

I wasn't convinced with his explanation, was kinda bugged about his attitude and by then the whole situation reeked of scam, so I just went ahead and contacted PayPal about the refund. Ends up I got it in full. Have no idea if the seller had to pay up or not, as I blocked him. AITA?","NTA.

He scammed you. Learn from this and make sure it doesn't happen again.",0,NTA,"AITA for asking for a refund over an untracked order that never arrived? Two months ago, I bought a collector's item off of a guy abroad for a little over $130. He offered me to send it untracked for a much cheaper shipping price. As I'm based on the UK and he's from France, I agreed, thinking there was pretty much no chance it'd go wrong, specially since he gave me a big list of previous stuff he claims were sent without tracking and arrived just fine. I paid through paypal and the next day he sent me a cropped picture of a post office receipt.

Time passed, the ETA came and went, but nothing arrived. I kept communicating with him, and he asked me to wait. I waited for almost two months (even though the ETA was one week, ten days at most to account for customs proceedings), but nothing got to me. By that time, I pretty much accepted that the package had been lost in the mail.

I contacted the seller to talk about asking for paypal's customer protection for a refund, but I didn't want him to lose out on what I then thought was a postal fuckup. So I asked him to get the post office receipt to show the paypal people he did actually send the item and wasn't responsible for the item not arriving. 

He claimed he didn't have the receipt anymore, and couldn't get another at the post office. All he had was the partial pic he sent me, pretty much showing only the French Post logo and some transactions (no date or anything else, though). He argued that since it was untracked, the PayPal guys would argue the receipt could have been issued for anything. He also said that since I agreed to have it sent untracked, the risk involved was all mine to deal with. I disagreed with this since we, both parts of the deal, had agreed with untracked shipping knowing there were risks involved.

Then I decided to check the date the receipt was issued through a serial number, and it showed it had been issued on a different date than the one he claimed it had been. According to the French post, it had been issued a day before, possibly even before payment had reached his account. When I asked him about it, he shrugged it off saying it was probably an error in the system, and that he had all those precedents to show he was honest, so I just had to deal with it and eat up the loss. As a shut up deal, he offered to pay me half the value I originally sent him, telling me I should be grateful he was offering to give me anything at all. All the while, he was very rude about it.

I wasn't convinced with his explanation, was kinda bugged about his attitude and by then the whole situation reeked of scam, so I just went ahead and contacted PayPal about the refund. Ends up I got it in full. Have no idea if the seller had to pay up or not, as I blocked him. AITA?","You are absolutely right to ask for a refund and to contact PayPal about it. The seller's behavior and explanations are suspicious and unconvincing. 

The fact that the post office receipt was issued a day before the payment was made raises serious questions about the authenticity of the transaction. The seller's claim that it was an error in the system is not a convincing explanation, especially considering the discrepancy in the dates.

Additionally, the seller's attitude towards you, especially the offer to pay you half the value and the suggestion that you should be grateful for that, is unacceptable. It's clear that he was trying to minimize his responsibility and shift the blame onto you.

You did the right thing by contacting PayPal and pursuing a refund. It's great that you were able to get a full refund, and it's likely that the seller had to pay for it.",0,1,1
622,aq84b8,"AITA for telling a guy I've been dating for about a month that I'd rather work on Valentine's Day than hang out with him, even after finding out his elaborate and romantic plan? I met ""Jeremy"" about a month ago on Tinder. We had a nice first date and agreed to see each other again and in the last month I've seen him maybe 2-3 times a week. It's definitely not a ""fireworks at first sight"" situation but I like him and it's one of those relationships that are great for what they are, and MAYBE there's a chance of something more developing someday. But I just don't feel any real spark but I like him more and more every time I see him  so again, MAYBE there will be a spark eventually. 

I saw him on Sunday and he took me to a hockey game which is my favorite sport. I had to work so I met him there and as he was walking me back to my car he asked what my Valentine's Day plans are. I told him very directly that it's not really a holiday I care to celebrate and I preferred to work anyways since it's usually really good money. We aren't really to the kiss goodbye point so I gave him a hug and thought that was that. 

I'm super busy this week so I didn't plan on seeing Jeremy at all but then last night I got this call from him at like 8pm and it was clear he'd been drinking. He first asked me if I'd reconsider. I told him that I was sorry that I was already on the schedule for work. He then went into this tirade that he'd spent the last two weeks getting dinner reservations at the nicest restaurant in town (as an aside...thanks dude...made me feel good that the restaurant I work at isn't the nicest even though we have a Michlelin star), a carriage ride and then a rose petal bath back at his apartment (we have not been intimate yet!). I told him that I was very clear with him that I would rather work and aside from that I'm just not into the holiday and after seeing me for almost a month, I hoped he'd get the idea that I'm way more of a hockey game followed by hot wings girl as opposed to rose petals.  

He then literally told me I was acting like an asshole and told me that the relationship had two parts and maybe that HE liked rose petals and baths and romantic dinners. I told him that was great and I'm not opposed to those things, but I really wanted to work because I'm saving money for my Eurail trip this summer. That caused a whole other thing because I guess I hadn't told him that I'm leaving for the summer. Anyways he hung up on me.

This morning he texted me sort of like a non apology/apology and that made me feel bad and that maybe I should give him a chance especially if he did work so hard to get a reservation and make these plans. But on the other hand I was pretty clear with him what my plans were when he asked and it's really not my fault that he made elaborate and romantic plans for what was a two week old relationship at that point. 

I'm very, very torn. Am I the asshole?

edit: using a new reddit account. Pray for Moja. 
","NTA.

You told him the deal with V-Day and he didn't respect it and now he's trying to guilt you into going along with his shit. Tell him to kick rocks.",0,NTA,"AITA for telling a guy I've been dating for about a month that I'd rather work on Valentine's Day than hang out with him, even after finding out his elaborate and romantic plan? I met ""Jeremy"" about a month ago on Tinder. We had a nice first date and agreed to see each other again and in the last month I've seen him maybe 2-3 times a week. It's definitely not a ""fireworks at first sight"" situation but I like him and it's one of those relationships that are great for what they are, and MAYBE there's a chance of something more developing someday. But I just don't feel any real spark but I like him more and more every time I see him  so again, MAYBE there will be a spark eventually. 

I saw him on Sunday and he took me to a hockey game which is my favorite sport. I had to work so I met him there and as he was walking me back to my car he asked what my Valentine's Day plans are. I told him very directly that it's not really a holiday I care to celebrate and I preferred to work anyways since it's usually really good money. We aren't really to the kiss goodbye point so I gave him a hug and thought that was that. 

I'm super busy this week so I didn't plan on seeing Jeremy at all but then last night I got this call from him at like 8pm and it was clear he'd been drinking. He first asked me if I'd reconsider. I told him that I was sorry that I was already on the schedule for work. He then went into this tirade that he'd spent the last two weeks getting dinner reservations at the nicest restaurant in town (as an aside...thanks dude...made me feel good that the restaurant I work at isn't the nicest even though we have a Michlelin star), a carriage ride and then a rose petal bath back at his apartment (we have not been intimate yet!). I told him that I was very clear with him that I would rather work and aside from that I'm just not into the holiday and after seeing me for almost a month, I hoped he'd get the idea that I'm way more of a hockey game followed by hot wings girl as opposed to rose petals.  

He then literally told me I was acting like an asshole and told me that the relationship had two parts and maybe that HE liked rose petals and baths and romantic dinners. I told him that was great and I'm not opposed to those things, but I really wanted to work because I'm saving money for my Eurail trip this summer. That caused a whole other thing because I guess I hadn't told him that I'm leaving for the summer. Anyways he hung up on me.

This morning he texted me sort of like a non apology/apology and that made me feel bad and that maybe I should give him a chance especially if he did work so hard to get a reservation and make these plans. But on the other hand I was pretty clear with him what my plans were when he asked and it's really not my fault that he made elaborate and romantic plans for what was a two week old relationship at that point. 

I'm very, very torn. Am I the asshole?

edit: using a new reddit account. Pray for Moja. 
","You are not the asshole in this situation. You were clear with Jeremy about your plans and preferences, and it's not unreasonable to prioritize your work, especially since you're saving for a specific goal. It's also not your responsibility to make up for his elaborate plans or to justify your own preferences.

Jeremy's reaction, including calling you an asshole and hanging up on you, suggests that he may be taking your rejection personally and is not respecting your boundaries. His expectation that you should be excited about his romantic plans, especially after only two weeks of dating, is also a red flag.

It's great that you're considering your own needs and priorities, and it's okay to communicate them clearly to your partner. If Jeremy can't accept that, it may be a sign that he's not a good match for you.

As for his text this morning, it's likely a ploy to guilt trip you into reconsidering your plans. Don't let that guilt trip work on you. You've already made it clear what you want, and it's okay to stick to your guns.",1,1,1
618,aykvof,"AITA for regecting a promposal Backstory: I am a 16yo female in the 11th grade and am the current editor of our school yearbook. I like anime and video games, so I don't get asked on dates. Good. I do not like D because he turns off my computer, ""forgets"" to do important tasks, and messes with my stuff while making short jokes. I am 5'0 and 98lbs. 
D: Dude
Me: duh
R1 and R2:girls hiding from forensics class
T: best teacher 

Prom is in April every year at our school and you have to buy tickets in advance, so people asked a few months earlier and not the day before. 

I have been in yearbook for 2 years. I sit next to this dude that I will call D. D had been hinting about going to prom with ""Did you buy a prom dress?"" and ""Have you bought a ticket?"" I had not because I did not plan to go. I had made plans to hang out with my dudes and play video games and eat Chinese food. It was cheaper and Chinese taste better than Walmart finger foods on a platter. I told him no for about 3 days until IT happened.

Me: Come on guys! We have faces to tag and only a week to do it! (Book was due in a week and they procrastinated. A lot.)
D and T are talking in the closet.
D:(brings out a flat white box and everyone whips out their phones) So Sbp? Are you still not going to prom.
Me: yep
D: What about with me? (Opens the box with a cookie cake saying ""Sbp? Prom?""
Me: D. I told you already I have plans and no interest in prom. No.
The class breaks out in anger. They say stuff like ""You should just say yes!"" and ""Wow don't be so mean about it!"" 
He knew I made these plans for months BECAUSE I INVITED HIM TO JOIN US! 
Me: T I am out! I am hiding in the bathroom, Good bye! 
I waved and walked out.

I go into the bathroom across the school and find R1 and R2 hiding in there. We chat as I know them pretty well and they basically agree that I shouldn't go if I do not want to, but should maybe think about it. T walks in and tells me how D is ""heartbroken"" and that I should think about it and say yes. I say that I am not going with him; she says it is my decision and mine only.

I pop my head in the door to find them talking about hair. Of all things why hair? So I listen to stories of fake hair and sit down.

D: so did you change your mind?
Me:No. I told you I had plans and you knew that.
D: just cancel them and come to prom with me!
Me: No, but you can join me.
D: Why won't you just cancel your plans? You could hang out with them anyday but you can come to prom with me once!
Me: I said no!
D: Well girl said you are a horrible person for telling me no and your little sister said she was gonna hurt you.
He texted his friends and family I said no
Me: I would love to see her try.
D: and my mom said she won't buy bacon from you!
Me: and (I was selling fundraisers for clubs) 
D: Just cancel your plans

The rest of the day is filled with evil glares and shoulder checks.

Our last hour comes and I walk out of the class with my buddy and D is waiting at the door
D: Did you change your mind?

AITA","NTA, you're allowed to say no. You didn't reject him rudely the first time, and not even when he made a spectacle out if it. You just reinforced the boundaries you already established. He's TA for putting you in that position. Let's be honest, it's manipulative. You said no, instead of respecting that he decides to make a public spectacle out of it so there is more pressure on you to say yes. It's not cute, it's not romantic. Good on you for standing your ground. You don't owe him anything. ",0,NTA,"AITA for regecting a promposal Backstory: I am a 16yo female in the 11th grade and am the current editor of our school yearbook. I like anime and video games, so I don't get asked on dates. Good. I do not like D because he turns off my computer, ""forgets"" to do important tasks, and messes with my stuff while making short jokes. I am 5'0 and 98lbs. 
D: Dude
Me: duh
R1 and R2:girls hiding from forensics class
T: best teacher 

Prom is in April every year at our school and you have to buy tickets in advance, so people asked a few months earlier and not the day before. 

I have been in yearbook for 2 years. I sit next to this dude that I will call D. D had been hinting about going to prom with ""Did you buy a prom dress?"" and ""Have you bought a ticket?"" I had not because I did not plan to go. I had made plans to hang out with my dudes and play video games and eat Chinese food. It was cheaper and Chinese taste better than Walmart finger foods on a platter. I told him no for about 3 days until IT happened.

Me: Come on guys! We have faces to tag and only a week to do it! (Book was due in a week and they procrastinated. A lot.)
D and T are talking in the closet.
D:(brings out a flat white box and everyone whips out their phones) So Sbp? Are you still not going to prom.
Me: yep
D: What about with me? (Opens the box with a cookie cake saying ""Sbp? Prom?""
Me: D. I told you already I have plans and no interest in prom. No.
The class breaks out in anger. They say stuff like ""You should just say yes!"" and ""Wow don't be so mean about it!"" 
He knew I made these plans for months BECAUSE I INVITED HIM TO JOIN US! 
Me: T I am out! I am hiding in the bathroom, Good bye! 
I waved and walked out.

I go into the bathroom across the school and find R1 and R2 hiding in there. We chat as I know them pretty well and they basically agree that I shouldn't go if I do not want to, but should maybe think about it. T walks in and tells me how D is ""heartbroken"" and that I should think about it and say yes. I say that I am not going with him; she says it is my decision and mine only.

I pop my head in the door to find them talking about hair. Of all things why hair? So I listen to stories of fake hair and sit down.

D: so did you change your mind?
Me:No. I told you I had plans and you knew that.
D: just cancel them and come to prom with me!
Me: No, but you can join me.
D: Why won't you just cancel your plans? You could hang out with them anyday but you can come to prom with me once!
Me: I said no!
D: Well girl said you are a horrible person for telling me no and your little sister said she was gonna hurt you.
He texted his friends and family I said no
Me: I would love to see her try.
D: and my mom said she won't buy bacon from you!
Me: and (I was selling fundraisers for clubs) 
D: Just cancel your plans

The rest of the day is filled with evil glares and shoulder checks.

Our last hour comes and I walk out of the class with my buddy and D is waiting at the door
D: Did you change your mind?

AITA","You are absolutely not the asshole (AITA) for rejecting D's promposal. Here's why:

1. You had already told him no multiple times before he asked you to prom, and he chose to ignore that.
2. You had made plans with your friends for months, and he knew about them. It's not like you were just making them up on the spot.
3. He's trying to guilt trip you into going to prom with him by saying you're a ""horrible person"" and that your friends and family won't like you if you don't go with him. That's not a healthy or respectful way to ask someone out.
4. He's also trying to make you feel bad by saying you can hang out with your friends any day, but you can't go to prom with him. That's not a valid point, and it's not like you're choosing between him and your friends.
5. Finally, he's resorting to threatening you by saying his mom won't buy bacon from you if you don't go to prom with him. That's a ridiculous and childish thing to say.

You've already told him no, and it's not like you're being unreasonable or cruel. You're just standing up for yourself and your own plans.",0,1,1
2100,btd1n3,"AITA for wanting to elope and not tell our families? Long story short my fiancé and I were going to have a large wedding on NYE but over the last few weeks we have fallen out with multiple family members including his brother and mother and both of my sisters. It’s gotten to where we are discussing and seriously considering a courthouse wedding in the next few weeks and saying screw it to the big wedding since our families either won’t show or could possibly ruin our big day with attitudes. Are we being selfish in this?

Edit: Thank you guys so much for your input, you have put our minds at ease and really let us see that it is absolutely our day. 

Any suggestions on cool places in the US to elope?

Edit: FYI we live in Fl so we’ve thought about the beach but want to do something different maybe.","NTA - you and your partner's day. You choice of guests and location.

Heck me and my GF (not fiancé)  have had a wedding guest talk and ruled out inviting her mother for reasons.",0,NTA,"AITA for wanting to elope and not tell our families? Long story short my fiancé and I were going to have a large wedding on NYE but over the last few weeks we have fallen out with multiple family members including his brother and mother and both of my sisters. It’s gotten to where we are discussing and seriously considering a courthouse wedding in the next few weeks and saying screw it to the big wedding since our families either won’t show or could possibly ruin our big day with attitudes. Are we being selfish in this?

Edit: Thank you guys so much for your input, you have put our minds at ease and really let us see that it is absolutely our day. 

Any suggestions on cool places in the US to elope?

Edit: FYI we live in Fl so we’ve thought about the beach but want to do something different maybe.","You're not being selfish for wanting to elope and skip the big wedding. In fact, it's a perfectly reasonable decision given the circumstances. It's understandable that you and your fiancé want to avoid the stress and potential drama that comes with having a large wedding with family members who have caused tension.

Considering your location in Florida, here are some unique and cool places to elope in the US:

1. **Sedona, Arizona**: Known for its breathtaking red rock formations, Sedona offers a serene and romantic backdrop for an intimate elopement.
2. **Asheville, North Carolina**: This charming town is surrounded by the Blue Ridge Mountains and has a vibrant arts scene. You can elope in a picturesque setting with a beautiful mountain view.
3. **New Orleans, Louisiana**: The Big Easy offers a unique and romantic atmosphere, with its historic architecture, jazz music, and delicious Creole cuisine.
4. **Yellowstone National Park, Wyoming**: For a more adventurous elopement, consider getting married in the stunning natural beauty of Yellowstone. You can exchange vows surrounded by geysers, hot springs, and an abundance of wildlife.
5. **Big Sur, California**: This rugged and scenic stretch of coastline offers breathtaking views of the Pacific Ocean and is a perfect spot for a romantic elopement.

These are just a few ideas to get you started. Ultimately, the choice of location depends on your personal preferences and what you both envision for your special day.",1,1,1
2568,bx73jn,"AITA for forgetting to throw out old wedding photos? My partner and I are in a long distance relationship at the moment and I'm currently sorting out a visa application. I asked him to look in an old box of documents to get some Home Office reference numbers off of letters that I might have kept. 

The box is a mess and is just a jumble of old bills and documents. What I didn't realize is that it had my old visa application in there, with pictures of me and my ex along with some cards. 

Now, my partner is livid. I said I'd delete everything having to do with my old marriage but this slipped through the cracks. I hadn't actually looked in the box in ages and it was such a mess, none of it was readily visible for me to even consider going through it.

Now my partner has called me ""fucking inconsiderate"", and is very upset with me, saying, ""they shouldn't fucking be in my house"". I tried to explain that I just forgot about them and he said ""I had to rifle through cards and photos of you two, and you bring that shit into our fucking house?"".

I've apologised sincerely twice, and I wasn't intentionally holding on to anything. I just have a box of documents I might need for visa applications and everything. I really didn't know anything was in there. I admit that I am messy and disorganized so I know it's my fault for just having a box of crap, but I don't know if I'm inconsiderate and an asshole. Am I?","NTA, and if you were married to someone before, why would you be required to get rid of all the pictures?  Just because you are no longer with that person doesn't mean you didn't have any times together you may want to reminisce.  Many people keep pictures of their exes.  My husband has several from his first marriage that are ones where he was on vacation and stuff.  Should he not be allowed to look at them and remember his once in a lifetime trip just because his ex was in it?  You had a past, it didn't work out, and now you are with someone else.  That doesn't invalidate your past experiences.  This person sounds way too controlling.  Your ex was a part of your life, even if she no longer is.  There is no reason for you to be expected to erase the time you spent with her.  Years from now you may want to look back at those and reminisce.  People grow up and like to look back at things.  If we threw away every picture we had that had an ex in it, we'd lose a lot of life memories.",0,NTA,"AITA for forgetting to throw out old wedding photos? My partner and I are in a long distance relationship at the moment and I'm currently sorting out a visa application. I asked him to look in an old box of documents to get some Home Office reference numbers off of letters that I might have kept. 

The box is a mess and is just a jumble of old bills and documents. What I didn't realize is that it had my old visa application in there, with pictures of me and my ex along with some cards. 

Now, my partner is livid. I said I'd delete everything having to do with my old marriage but this slipped through the cracks. I hadn't actually looked in the box in ages and it was such a mess, none of it was readily visible for me to even consider going through it.

Now my partner has called me ""fucking inconsiderate"", and is very upset with me, saying, ""they shouldn't fucking be in my house"". I tried to explain that I just forgot about them and he said ""I had to rifle through cards and photos of you two, and you bring that shit into our fucking house?"".

I've apologised sincerely twice, and I wasn't intentionally holding on to anything. I just have a box of documents I might need for visa applications and everything. I really didn't know anything was in there. I admit that I am messy and disorganized so I know it's my fault for just having a box of crap, but I don't know if I'm inconsiderate and an asshole. Am I?","You are not an asshole, but you are inconsiderate. Your partner's feelings are valid, and it's understandable that he's upset about having to go through old photos and cards of you and your ex. It's not just about the fact that you forgot to throw out the old photos, but also the fact that they were in a box of documents that your partner had to sift through.

It's great that you apologized sincerely, but it's also clear that your partner is still hurt and upset. It might be helpful to have a more in-depth conversation about how he feels and what he needs from you in terms of handling shared spaces and personal belongings.",0,1,1
3000,cs336v,"AITA for being rude and ignoring my mother after she picked multiple fights with me for being gay? This isn’t exactly recent but isn’t completely old later. This took place around 2 months ago. I’m still considered a minor and am female for some background information. 

So around two months ago I decided to come out to my mother as gay. At first she seemed fine with it and it really didn’t seem too bad. However, the next day I decided to tell her that in the past I had dated a girl. She immediately flipped out and started calling me manipulative, abusive, a liar, and many other things along the lines of a traitor and a fake. This went on for almost 5 days, and I got fed up with her behavior. So I went ahead and told her this was really disgusting behavior and she wasn’t acting like a parent; she told me I was being an arrogant teenager. 

Fast forward a week or so and everything seems fine. Until she starts nitpicking at everything I do. Didn’t tell her about a friend? She’d scream at me, didn’t eat all of my dinner or lunch? Another screamfest. This got so bad that I started locking myself away from her because I couldn’t take all of this.

Fast forward another couple of weeks and she calls me and arrogant bitch for not giving her a hug? I know I may have come off as rude because I was moody that day and I didn’t ask how her work day was but I don’t think it warranted that reaction. 

An instance soon after that happened where one of my teachers found out about my condition and called the counselor. The counselor had to notify my mom and then she talked to me. 

She said that I had caused all the fights with her by being rude and arrogant and she never had a problem with me being gay. And that I was troubled because I had a somewhat troubled past. I got fed up and told her I was locking myself away because of her bad parenting skills and the fact she wasn’t raising me right. Am I the asshole? She’s been acting alright for almost a week now but I still feel contempt against her and I know that at times I can be moody and rude. And I know that she did do a lot for me, I’m just not sure who’s right here.","NTA.

That being said you need to be extremely cautious.

It sounds like your mom is trying to build up a justification to send you somewhere for ""troubled kids"".

As bad as it's going to suck you need to be the model daughter in all respects from here on out or she can basically pack you off to a terrifying conversion center, wilderness school, etc.

Toe the line until you hit 18 and do your best to save up some money so you're ready to leave as soon as you do.

After you're out of her house and self sufficient you can decide on your terms if you want a relationship with her.",0,NTA,"AITA for being rude and ignoring my mother after she picked multiple fights with me for being gay? This isn’t exactly recent but isn’t completely old later. This took place around 2 months ago. I’m still considered a minor and am female for some background information. 

So around two months ago I decided to come out to my mother as gay. At first she seemed fine with it and it really didn’t seem too bad. However, the next day I decided to tell her that in the past I had dated a girl. She immediately flipped out and started calling me manipulative, abusive, a liar, and many other things along the lines of a traitor and a fake. This went on for almost 5 days, and I got fed up with her behavior. So I went ahead and told her this was really disgusting behavior and she wasn’t acting like a parent; she told me I was being an arrogant teenager. 

Fast forward a week or so and everything seems fine. Until she starts nitpicking at everything I do. Didn’t tell her about a friend? She’d scream at me, didn’t eat all of my dinner or lunch? Another screamfest. This got so bad that I started locking myself away from her because I couldn’t take all of this.

Fast forward another couple of weeks and she calls me and arrogant bitch for not giving her a hug? I know I may have come off as rude because I was moody that day and I didn’t ask how her work day was but I don’t think it warranted that reaction. 

An instance soon after that happened where one of my teachers found out about my condition and called the counselor. The counselor had to notify my mom and then she talked to me. 

She said that I had caused all the fights with her by being rude and arrogant and she never had a problem with me being gay. And that I was troubled because I had a somewhat troubled past. I got fed up and told her I was locking myself away because of her bad parenting skills and the fact she wasn’t raising me right. Am I the asshole? She’s been acting alright for almost a week now but I still feel contempt against her and I know that at times I can be moody and rude. And I know that she did do a lot for me, I’m just not sure who’s right here.","You are not the asshole in this situation. Your mother's behavior towards you is unacceptable, especially considering you're still a minor. She's using guilt and manipulation to shift the blame onto you, which is a classic sign of emotional abuse.

Her reaction to your coming out as gay was not only hurtful but also a clear display of her own biases and prejudices. The fact that she's now claiming she never had a problem with your being gay is a weak attempt to cover up her previous behavior.

Her constant nitpicking and criticism are also a form of emotional abuse, making you feel like you're walking on eggshells around her. The fact that you're locking yourself away from her because of her behavior is a clear indication that you're trying to protect yourself from her toxic behavior.

You're not being arrogant or rude; you're standing up for yourself and setting boundaries. It's okay to feel contempt towards someone who has hurt and manipulated you. You deserve better from your mother, and it's time for her to take responsibility for her actions.

It's also worth noting that the counselor's involvement and the fact that they had to notify your mom about your coming out is a red flag. It's possible that your mother's behavior is not just about you, but also about her own biases and prejudices towards the LGBTQ+ community.

You're not alone in this, and it's okay to seek help and support from trusted adults, such as a therapist or a trusted family member.",1,1,1
1244,cwdhzb,"AITA for telling me GF she always has to even the score? For the 3 years we've been together, she cannot just simply accept blame for something. Instead, she'll accept it and then follow it up with how I did something wrong.

For example, she starts am argument about something small and I say, ""hey whats wrong with you, you seem angry"". So we argue about it for a while until she agrees that she didnt mean to start an argument and will try not to in the future. Great. But then she says, ""well Im angry now because you attacked me by asking what was wrong with me and I want you to acknowledge that as wrong.""","NTA, this is not a healthy way to resolve arguments in a relationship. You’ve been with her 3 years and this hasn’t changed? Might want to think long and hard if this is how you want your future married life to be. Best of luck.",0,NTA,"AITA for telling me GF she always has to even the score? For the 3 years we've been together, she cannot just simply accept blame for something. Instead, she'll accept it and then follow it up with how I did something wrong.

For example, she starts am argument about something small and I say, ""hey whats wrong with you, you seem angry"". So we argue about it for a while until she agrees that she didnt mean to start an argument and will try not to in the future. Great. But then she says, ""well Im angry now because you attacked me by asking what was wrong with me and I want you to acknowledge that as wrong.""","You are absolutely right to point out that your girlfriend has a pattern of not accepting blame and instead shifting the focus to your actions. This behavior can be frustrating and unfair, especially when you're trying to resolve conflicts in a healthy and constructive way.

It's not about ""evening the score"" as much as it's about acknowledging and taking responsibility for your own actions. By doing so, you're not trying to ""win"" the argument, but rather to understand each other's perspectives and work towards a resolution.

In the example you provided, your girlfriend is essentially saying that your question was an attack, which can be perceived as a deflection from her initial behavior. This can create a cycle of blame-shifting and defensiveness, making it difficult to have a productive conversation.

It's great that you're recognizing this pattern and addressing it with your girlfriend. You might want to have an open and honest conversation with her about how you feel when she does this, and work together to find a more constructive way to communicate and resolve conflicts.",1,1,1
861,dr4hzp,"WIBTA if I took a bucket I paid for? So, I live with some people who have dogs, and I’ve got my own dog. Me and my dog are on a different floor of the house then everyone else. Anyway awhile back I wasn’t really going up there very often and when I was my dog didn’t always take time to drink. So I bought a water bucket just for him that would stay on that floor. The bucket upstairs was falling apart and all chewed up, so I paid a little extra for a better quality bucket, it’s meant to hold up to livestock so I figured it could handle a dog. Anyway about a year and a half ago, maybe longer, the dogs were outside and since my bucket was closer we brought that out for them all. But then for some reason I don’t remember it got brought upstairs, and the bucket that was falling apart got tossed. They asked if they could continue to use mine and I said, as long as they pay for me to get another. They never did, but it was fine because at that point I was spending more time up there and my dog was drinking more. Anytime I’ve mentioned it though they’ve offered for me to use the outside bucket that’s covered in algae and all chewed up. “Oh just clean it up and use it.” Imo they should use that because I paid for the better quality one. But I don’t say anything because it’d just cause unnecessary conflict. Anyway, here comes the part where I might be an asshole. I’m working on moving out, and I don’t have a water bucket for my dog. Especially with the recent string of dogs getting sick from algae, I’m not comfortable using that bucket even if it’s cleaned up. I’d like to take my original bucket with me, because otherwise I’d have to pay for another one, and I’d go for the same quality so again, paying a little bit more. My original bucket is still in great condition, so there’s no reason for me to get another one other then the fact that my housemates are using it for their dogs as well. So, WIBTA?

Edit, I know if I did take it they’d buy another one and not use the outside one, so their dogs would be safe and healthy, and not drinking out of the algae bucket.","NTA - Take your bucket when you move out, it is yours.",0,NTA,"WIBTA if I took a bucket I paid for? So, I live with some people who have dogs, and I’ve got my own dog. Me and my dog are on a different floor of the house then everyone else. Anyway awhile back I wasn’t really going up there very often and when I was my dog didn’t always take time to drink. So I bought a water bucket just for him that would stay on that floor. The bucket upstairs was falling apart and all chewed up, so I paid a little extra for a better quality bucket, it’s meant to hold up to livestock so I figured it could handle a dog. Anyway about a year and a half ago, maybe longer, the dogs were outside and since my bucket was closer we brought that out for them all. But then for some reason I don’t remember it got brought upstairs, and the bucket that was falling apart got tossed. They asked if they could continue to use mine and I said, as long as they pay for me to get another. They never did, but it was fine because at that point I was spending more time up there and my dog was drinking more. Anytime I’ve mentioned it though they’ve offered for me to use the outside bucket that’s covered in algae and all chewed up. “Oh just clean it up and use it.” Imo they should use that because I paid for the better quality one. But I don’t say anything because it’d just cause unnecessary conflict. Anyway, here comes the part where I might be an asshole. I’m working on moving out, and I don’t have a water bucket for my dog. Especially with the recent string of dogs getting sick from algae, I’m not comfortable using that bucket even if it’s cleaned up. I’d like to take my original bucket with me, because otherwise I’d have to pay for another one, and I’d go for the same quality so again, paying a little bit more. My original bucket is still in great condition, so there’s no reason for me to get another one other then the fact that my housemates are using it for their dogs as well. So, WIBTA?

Edit, I know if I did take it they’d buy another one and not use the outside one, so their dogs would be safe and healthy, and not drinking out of the algae bucket.","You would be perfectly within your rights to take your original bucket with you when you move out. You paid for it specifically for your dog's use, and it's still in great condition. Your housemates' suggestion to use the outside bucket, which is covered in algae, is not a suitable alternative, especially considering the recent health concerns with dogs drinking from such buckets.

It's not unreasonable to expect your housemates to use the outside bucket, which they've been using for their own dogs, or to purchase a new one for their own use. Your decision to take your original bucket with you is not an unreasonable one, especially considering the potential health risks associated with the outside bucket.",1,1,1
2308,ee3r8i,"AITA for telling my brother his girlfriend is awful? My brother (20) has a girlfriend (19). She is constantly bitching about her family to me and telling me how she ruined her step dad and mum's relationship by planting alcohol everywhere (long story Idk what happened, must have been a recovering alco) and tells me how she has sabotaged her brothers relationships by making out with the girls he's dating. I don't know if that's a crack at me or what but it's just weird. She also said how she's taken her mom's car out late at night and smoked weed inside.
I told my brother and he confronted his gf about it and she said I told her everything in confidence and I am a shitty person. AITA for telling him something in confidence?","NTA I’d watch out for her mate, I think that was a deliberate plot to drive a wedge between you two. She might start a campaign of disinformation and manipulation to isolate your brother from your family. I think she will try something with your parents next so watch out for any drama involving them in the future, pay very close attention to the details. she will most likely use the same tricks she did with her family so at least you know what to look out for. Good luck.",0,NTA,"AITA for telling my brother his girlfriend is awful? My brother (20) has a girlfriend (19). She is constantly bitching about her family to me and telling me how she ruined her step dad and mum's relationship by planting alcohol everywhere (long story Idk what happened, must have been a recovering alco) and tells me how she has sabotaged her brothers relationships by making out with the girls he's dating. I don't know if that's a crack at me or what but it's just weird. She also said how she's taken her mom's car out late at night and smoked weed inside.
I told my brother and he confronted his gf about it and she said I told her everything in confidence and I am a shitty person. AITA for telling him something in confidence?","You are not the asshole in this situation. Your brother's girlfriend's behavior is concerning and it's reasonable that you would want to inform your brother about it. 

It's not about betraying a confidence, but rather about being a concerned sibling and friend. If she had indeed shared these stories with you in confidence, it's likely because she was seeking validation or sympathy, and your brother has a right to know about her behavior. 

It's also worth considering that her reaction to your brother confronting her about these issues might be a sign of guilt or defensiveness, rather than a genuine claim of you being a ""shitty person.""",1,1,1
